Date,doy,Aquifer,PE,month,mday,is_holiday,wday,API,lagAPI,Tmax,Tmaxlag1,Sun,Sunlag1,WVRain,KerburnRain,Rain_L7DAYS,Rain_L6DAYS,Rain_L5DAYS,Rain_L4DAYS,Rain_L3DAYS,Rain_L2DAYS,Season,Rainlag1,Rainlag2,Rainlag3,PElag1,PElag2,PElag3,ANcyc,storage,Storagelag1,Lower Hutt fTemp,Lower Hutt fPrecp,Lower Hutt cm,Lower Hutt stat,Lower Hutt,Restriction level
01/09/2024,245,10.2,2,9,30,0,6,47.52189804487642,46.65237255609553,16,15.0,6.7,0.9,52.857142857142854,27,61.99999999999997,40.800000000000054,31.000000000000046,27.99999999999996,22.400000000000194,19.200000000000067,3,19.2,3.2,5.6,3.0,2.0,2.0,-0.4900286664290594,46.61841270462441,45.648317192308696,0.699199162069106,0.7279425818008814,0.9762088444196756,196,0.0,0.0
02/09/2024,246,1.4,3,9,30,0,0,39.41751843590114,47.52189804487642,15,16.0,3.6,6.7,0.0,14,50.99999999999998,41.20000000000005,38.200000000000045,32.599999999999966,29.40000000000019,10.200000000000067,3,10.2,19.2,3.2,2.0,3.0,2.0,-0.4749510720670502,39.436812869411426,46.61841270462441,0.6845795512362581,0.7279402155493663,0.9762088444196756,172,0.0,0.0
03/09/2024,247,17.8,2,9,30,0,1,49.33401474872091,39.41751843590114,14,15.0,0.7,3.6,1.7619047619047619,11,42.59999999999998,39.60000000000005,34.00000000000004,30.799999999999965,11.60000000000019,1.400000000000066,3,1.4,10.2,19.2,3.0,2.0,3.0,-0.4597327394521046,48.42109447562828,39.436812869411426,0.6705166709209236,0.7279399550174452,0.9762088444196756,193,0.0,0.0
04/09/2024,248,9.4,1,9,30,0,2,48.86721179897673,49.33401474872091,11,14.0,4.4,0.7,56.76190476190476,2,57.399999999999984,51.80000000000005,48.600000000000044,29.399999999999963,19.200000000000195,17.800000000000075,3,17.8,1.4,10.2,2.0,3.0,2.0,-0.4443781781046134,48.163493750226095,48.42109447562828,0.6319753522751722,0.7280795699972209,0.9762088444196756,192,0.0,0.0
05/09/2024,249,0.0,2,9,30,0,3,39.093769439181386,48.86721179897673,15,11.0,10.0,4.4,0.0,0,61.19999999999998,58.00000000000005,38.80000000000004,28.599999999999966,27.200000000000195,9.400000000000071,3,9.4,17.8,1.4,1.0,2.0,3.0,-0.4288919379124841,39.43293350898928,48.163493750226095,0.6845795512362581,0.7350341003572551,0.9762088444196756,173,0.0,0.0
06/09/2024,250,0.0,2,9,30,0,4,31.27501555134511,39.093769439181386,15,15.0,9.4,10.0,0.0,0,57.99999999999998,38.80000000000005,28.600000000000044,27.199999999999967,9.400000000000192,0.0,3,0.0,9.4,17.8,2.0,1.0,2.0,-0.41327860778290443,32.284955347888776,39.43293350898928,0.6845795512362581,0.8831821101045145,0.9762088444196756,213,0.0,0.0
07/09/2024,251,3.0,1,9,30,0,5,28.02001244107609,31.27501555134511,14,15.0,1.0,9.4,0.0,0,38.79999999999998,28.60000000000005,27.200000000000045,9.399999999999965,1.9184653865522705e-13,7.105427357601002e-14,3,0.0,0.0,9.4,2.0,2.0,1.0,-0.3975428142825566,29.151724508896265,32.284955347888776,0.6705166709209236,1.0,0.9762088444196756,181,0.0,0.0
08/09/2024,252,2.0,2,9,30,0,6,24.416009952860875,28.02001244107609,16,14.0,10.8,1.0,7.238095238095238,0,31.59999999999998,30.200000000000053,12.400000000000043,2.9999999999999645,3.000000000000192,3.000000000000071,3,3.0,0.0,0.0,1.0,2.0,2.0,-0.3816892202666594,25.68010582991068,29.151724508896265,0.699199162069106,1.0,0.9762088444196756,217,0.0,0.0
09/09/2024,253,5.0,2,9,30,0,0,24.5328079622887,24.416009952860875,15,16.0,6.1,10.8,0.0,1,32.19999999999998,14.400000000000048,5.000000000000043,4.9999999999999645,5.000000000000192,2.000000000000071,3,2.0,3.0,0.0,2.0,1.0,2.0,-0.3657225234972692,25.5568235582955,25.68010582991068,0.6845795512362581,0.9334519735072657,0.9762088444196756,192,0.0,0.0
10/09/2024,254,4.8,3,9,30,0,1,24.426246369830963,24.5328079622887,16,15.0,10.6,6.1,5.095238095238095,8,19.399999999999977,10.00000000000005,10.000000000000043,9.999999999999964,7.000000000000193,5.000000000000072,3,5.0,2.0,3.0,2.0,2.0,1.0,-0.34964745525122826,25.274619324292814,25.5568235582955,0.699199162069106,0.749727845204476,0.9762088444196756,193,0.0,0.0
11/09/2024,255,2.0,2,9,30,0,2,21.54099709586477,24.426246369830963,13,16.0,10.5,10.6,3.0,0,14.79999999999998,14.80000000000005,14.800000000000043,11.799999999999965,9.800000000000193,4.800000000000071,3,4.8,5.0,2.0,3.0,2.0,2.0,-0.33346877891818705,22.50580058235775,25.274619324292814,0.6570454469451417,0.749727845204476,0.9762088444196756,218,0.0,0.0
12/09/2024,256,0.0,1,9,30,0,3,17.232797676691817,21.54099709586477,13,13.0,0.0,10.5,0.0,0,16.79999999999998,16.80000000000005,13.800000000000043,11.799999999999965,6.800000000000192,2.000000000000071,3,2.0,4.8,5.0,2.0,3.0,2.0,-0.31719128858910595,18.42619105941664,22.50580058235775,0.6570454469451417,0.7567831434175052,0.9762088444196756,148,0.0,0.0
13/09/2024,257,7.4,2,9,30,0,4,21.186238141353456,17.232797676691817,14,13.0,1.1,0.0,1.2857142857142858,0,16.799999999999976,13.800000000000049,11.800000000000042,6.799999999999963,2.000000000000192,7.105427357601002e-14,3,0.0,2.0,4.8,1.0,2.0,3.0,-0.300819807635668,21.793051418549634,18.42619105941664,0.6705166709209236,1.0,0.9762088444196756,189,0.0,0.0
14/09/2024,258,8.6,1,9,30,0,5,25.548990513082764,21.186238141353456,13,14.0,2.9,1.1,14.619047619047619,0,21.19999999999998,19.200000000000053,14.200000000000044,9.399999999999965,7.400000000000192,7.400000000000071,3,7.4,0.0,2.0,2.0,1.0,2.0,-0.2843591872810036,25.637219017423103,21.793051418549634,0.6570454469451417,1.0,0.9762088444196756,238,0.0,0.0
15/09/2024,259,4.2,2,9,30,0,6,24.63919241046621,25.548990513082764,15,13.0,6.9,2.9,8.761904761904763,0,27.79999999999998,22.80000000000005,18.000000000000043,15.999999999999964,16.000000000000192,8.600000000000072,3,8.6,7.4,0.0,1.0,2.0,1.0,-0.26781430516217486,24.79663381832236,25.637219017423103,0.6845795512362581,1.0,0.9762088444196756,191,0.0,0.0
16/09/2024,260,24.8,1,9,30,0,0,44.51135392837297,24.63919241046621,11,15.0,0.0,6.9,1.9523809523809523,0,26.999999999999982,22.20000000000005,20.200000000000042,20.199999999999964,12.800000000000193,4.20000000000007,3,4.2,8.6,7.4,2.0,1.0,2.0,-0.25119006388481957,42.779153298204264,24.79663381832236,0.6319753522751722,1.0,0.9762088444196756,185,0.0,0.0
17/09/2024,261,14.0,1,9,30,0,1,49.609083142698374,44.51135392837297,9,11.0,1.6,0.0,23.61904761904762,0,46.999999999999986,45.00000000000005,45.00000000000004,37.599999999999966,29.000000000000185,24.800000000000075,3,24.8,4.2,8.6,1.0,2.0,1.0,-0.23449138957041052,47.71345568041848,42.779153298204264,0.6094845382653141,1.0,0.9762088444196756,199,0.0,0.0
18/09/2024,262,1.8,2,9,30,0,2,41.4872665141587,49.609083142698374,13,9.0,10.8,1.6,6.0,1,58.999999999999986,59.00000000000005,51.600000000000044,42.999999999999964,38.800000000000196,14.000000000000075,3,14.0,24.8,4.2,1.0,1.0,2.0,-0.21772323039653224,40.69589672348009,47.71345568041848,0.6570454469451417,0.9334519735072657,0.9762088444196756,203,0.0,0.0
19/09/2024,263,0.0,2,9,30,0,3,33.18981321132696,41.4872665141587,14,13.0,7.7,10.8,0.0,6,60.79999999999998,53.40000000000005,44.80000000000004,40.59999999999996,15.800000000000189,1.8000000000000747,3,1.8,14.0,24.8,2.0,1.0,1.0,-0.20089055513063528,33.31898217159863,40.69589672348009,0.6705166709209236,0.7661230568490006,0.9762088444196756,236,0.0,0.0
20/09/2024,264,1.6,2,9,30,0,4,28.15185056906157,33.18981321132696,15,14.0,7.0,7.7,3.8095238095238093,47,53.39999999999998,44.80000000000005,40.60000000000004,15.799999999999963,1.8000000000001886,7.460698725481052e-14,3,0.0,1.8,14.0,2.0,2.0,1.0,-0.18399835165767986,28.72942934052094,33.31898217159863,0.6845795512362581,0.7279399010066439,0.9762088444196756,183,0.0,0.0
21/09/2024,265,1.4,3,9,30,0,5,23.921480455249256,28.15185056906157,16,15.0,10.6,7.0,8.095238095238095,2,46.39999999999998,42.200000000000045,17.400000000000045,3.3999999999999644,1.6000000000001884,1.6000000000000747,3,1.6,0.0,1.8,2.0,2.0,2.0,-0.1670516255021195,24.790552047919505,28.72942934052094,0.699199162069106,0.727939883449596,0.9762088444196756,234,0.0,0.0
22/09/2024,266,3.2,2,9,30,0,6,22.337184364199405,23.921480455249256,15,16.0,5.8,10.6,0.47619047619047616,0,43.59999999999998,18.80000000000005,4.8000000000000425,2.9999999999999645,3.0000000000001883,1.400000000000074,3,1.4,1.6,0.0,3.0,2.0,2.0,-0.15005539834465262,23.197095298164328,24.790552047919505,0.6845795512362581,0.7279401210527305,0.9762088444196756,187,0.0,0.0
23/09/2024,267,2.2,3,9,30,0,0,20.069747491359525,22.337184364199405,15,15.0,8.4,5.8,4.571428571428571,0,21.99999999999998,8.00000000000005,6.200000000000043,6.199999999999965,4.600000000000188,3.200000000000075,3,3.2,1.4,1.6,2.0,3.0,2.0,-0.13301470653419636,20.98613701882999,23.197095298164328,0.6845795512362581,0.8831821101045145,0.9762088444196756,215,0.0,0.0
24/09/2024,268,0.0,3,9,30,0,1,16.05579799308762,20.069747491359525,20,15.0,8.9,8.4,0.23809523809523808,1,10.199999999999978,8.400000000000048,8.400000000000043,6.799999999999964,5.400000000000189,2.200000000000075,3,2.2,3.2,1.4,3.0,2.0,3.0,-0.11593459959550066,17.18199576562439,20.98613701882999,0.7622519010210416,0.9334519735072657,0.9762088444196756,254,0.0,0.0
25/09/2024,269,1.4,3,9,30,0,2,14.244638394470096,16.05579799308762,15,20.0,10.1,8.9,0.47619047619047616,7,8.399999999999977,8.400000000000048,6.800000000000042,5.399999999999965,2.2000000000001885,7.460698725481052e-14,3,0.0,2.2,3.2,3.0,3.0,2.0,-0.09882013873287211,15.336313061026479,17.18199576562439,0.6845795512362581,0.7567831434175052,0.9762088444196756,221,0.0,0.0
26/09/2024,270,6.4,2,9,30,0,3,17.795710715576078,14.244638394470096,14,15.0,3.3,10.1,0.0,1,9.799999999999978,8.200000000000049,6.800000000000042,3.599999999999964,1.4000000000001886,1.400000000000075,3,1.4,0.0,2.2,3.0,3.0,3.0,-0.08167639533042288,18.35692704339848,15.336313061026479,0.6705166709209236,0.749727845204476,0.9762088444196756,190,0.0,0.0
27/09/2024,271,3.8,2,9,30,0,4,18.03656857246086,17.795710715576078,13,14.0,7.4,3.3,8.380952380952381,21,14.599999999999977,13.200000000000049,10.000000000000043,7.799999999999966,7.80000000000019,6.400000000000074,3,6.4,1.4,0.0,2.0,3.0,3.0,-0.06450844944931713,18.473496393957554,18.35692704339848,0.6570454469451417,0.7280195677503766,0.9762088444196756,217,0.0,0.0
28/09/2024,272,1.2,2,9,30,0,5,15.62925485796869,18.03656857246086,15,13.0,10.6,7.4,0.0,23,16.99999999999998,13.80000000000005,11.600000000000042,11.599999999999966,10.20000000000019,3.8000000000000744,3,3.8,6.4,1.4,2.0,2.0,3.0,-0.04732138832243232,16.212435096140357,18.473496393957554,0.6845795512362581,0.7279407254790523,0.9762088444196756,213,0.0,0.0
29/09/2024,273,0.0,2,9,30,0,6,12.503403886374953,15.62925485796869,17,15.0,8.4,10.6,0.0,3,14.999999999999979,12.80000000000005,12.800000000000042,11.399999999999965,5.000000000000188,1.2000000000000746,3,1.2,3.8,6.4,2.0,2.0,2.0,-0.03012030484690836,13.273619195490896,16.212435096140357,0.7143319978944643,0.7279403406454814,0.9762088444196756,211,0.0,0.0
30/09/2024,274,0.0,3,9,30,0,0,10.002723109099962,12.503403886374953,18,17.0,11.9,8.4,0.0,2,12.79999999999998,12.80000000000005,11.400000000000041,4.9999999999999645,1.2000000000001882,0.0,3,0.0,1.2,3.8,2.0,2.0,2.0,-0.012910296075008843,10.867520239994617,13.273619195490896,0.7299261605458265,0.7280453883225118,0.9762088444196756,226,0.0,0.0
01/10/2024,275,0.0,2,10,31,0,1,8.00217848727997,10.002723109099962,16,18.0,9.9,11.9,0.0,6,12.79999999999998,11.40000000000005,5.000000000000042,1.1999999999999644,0.0,0.0,3,0.0,0.0,1.2,3.0,2.0,2.0,0.004303538296243821,8.897573030181002,10.867520239994617,0.699199162069106,0.7403724513446892,0.9813519014460632,192,0.0,0.0
02/10/2024,276,2.8,3,10,31,0,2,9.201742789823976,8.00217848727997,18,16.0,3.2,9.9,0.0,1,11.399999999999977,5.00000000000005,1.200000000000042,-3.552713678800501e-14,1.8829382497642655e-13,7.460698725481052e-14,3,0.0,0.0,0.0,2.0,3.0,2.0,0.021516097436222233,9.822486124474686,8.897573030181002,0.7299261605458265,0.749727845204476,0.9813519014460632,153,0.0,0.0
03/10/2024,277,4.0,2,10,31,0,3,11.361394231859181,9.201742789823976,16,18.0,0.0,3.2,3.8095238095238093,30,7.799999999999979,4.00000000000005,2.8000000000000416,2.7999999999999643,2.800000000000188,2.8000000000000744,3,2.8,0.0,0.0,3.0,2.0,3.0,0.03872228089217399,11.66735640022955,9.822486124474686,0.699199162069106,0.7279482829601609,0.9813519014460632,168,0.0,0.0
04/10/2024,278,2.2,3,10,31,0,4,11.289115385487346,11.361394231859181,17,16.0,10.4,0.0,0.8095238095238095,0,7.999999999999978,6.80000000000005,6.8000000000000425,6.799999999999964,6.800000000000188,4.000000000000075,3,4.0,2.8,0.0,2.0,3.0,2.0,0.05591699010060302,11.546385208131351,11.66735640022955,0.7143319978944643,0.7279853294212917,0.9813519014460632,198,0.0,0.0
05/10/2024,279,5.0,3,10,31,0,5,14.031292308389878,11.289115385487346,17,17.0,9.3,10.4,0.0,2,8.999999999999979,9.00000000000005,9.000000000000043,8.999999999999964,6.200000000000188,2.200000000000075,3,2.2,4.0,2.8,3.0,2.0,3.0,0.07309512989807687,13.985111829832306,11.546385208131351,0.7143319978944643,0.727974199721908,0.9813519014460632,176,0.0,0.0
06/10/2024,280,7.6,2,10,31,0,6,18.825033846711904,14.031292308389878,15,17.0,1.8,9.3,1.2857142857142858,27,13.99999999999998,14.000000000000052,14.00000000000004,11.199999999999962,7.200000000000189,5.000000000000075,3,5.0,2.2,4.0,3.0,3.0,2.0,0.0902516100310407,18.338272523355087,13.985111829832306,0.6845795512362581,0.7280195677503766,0.9813519014460632,158,0.0,0.0
07/10/2024,281,4.6,2,10,31,0,0,19.660027077369524,18.825033846711904,16,15.0,3.7,1.8,14.761904761904763,0,21.59999999999998,21.60000000000005,18.80000000000004,14.799999999999963,12.600000000000188,7.600000000000074,3,7.6,5.0,2.2,2.0,3.0,3.0,0.10738134666416217,19.18330035240219,18.338272523355087,0.699199162069106,0.7280195677503766,0.9813519014460632,181,0.0,0.0
08/10/2024,282,3.6,3,10,31,0,1,19.32802166189562,19.660027077369524,15,16.0,3.1,3.7,3.0,0,26.199999999999978,23.40000000000005,19.400000000000038,17.199999999999964,12.20000000000019,4.600000000000074,3,4.6,7.6,5.0,2.0,2.0,3.0,0.12447926388678869,18.968804388639683,19.18330035240219,0.6845795512362581,0.7280795699972209,0.9813519014460632,165,0.0,0.0
09/10/2024,283,4.8,4,10,31,0,2,20.262417329516495,19.32802166189562,15,15.0,11.9,3.1,5.333333333333333,0,26.999999999999975,23.000000000000046,20.80000000000004,15.799999999999965,8.200000000000188,3.600000000000075,3,3.6,4.6,7.6,3.0,2.0,2.0,0.141540295217043,19.880805428228328,18.968804388639683,0.6845795512362581,1.0,0.9813519014460632,210,0.0,0.0
10/10/2024,284,3.0,3,10,31,0,3,19.209933863613198,20.262417329516495,12,15.0,8.1,11.9,3.5714285714285716,3,27.799999999999976,25.60000000000005,20.60000000000004,12.999999999999964,8.400000000000187,4.800000000000075,3,4.8,3.6,4.6,4.0,3.0,2.0,0.15855938510313475,18.99606550388048,19.880805428228328,0.6441922856032091,0.8452086449288466,0.9813519014460632,208,0.0,0.0
11/10/2024,285,1.4,3,10,31,0,4,16.76794709089056,19.209933863613198,15,12.0,12.0,8.1,0.0,0,28.59999999999998,23.60000000000005,16.000000000000043,11.399999999999965,7.800000000000187,3.000000000000075,3,3.0,4.8,3.6,3.0,4.0,3.0,0.17553149042142777,16.821547743964864,18.99606550388048,0.6845795512362581,0.8452086449288466,0.9813519014460632,189,0.0,0.0
12/10/2024,286,0.0,3,10,31,0,5,13.414357672712448,16.76794709089056,16,15.0,11.9,12.0,0.0,6,24.99999999999998,17.40000000000005,12.800000000000042,9.199999999999966,4.400000000000189,1.4000000000000745,3,1.4,3.0,4.8,3.0,3.0,4.0,0.19245158197082995,13.772318452353579,16.821547743964864,0.699199162069106,0.749727845204476,0.9813519014460632,182,0.0,0.0
13/10/2024,287,39.4,2,10,31,0,6,50.13148613816996,13.414357672712448,12,16.0,0.1,11.9,0.23809523809523808,3,17.399999999999977,12.800000000000047,9.200000000000038,4.399999999999963,1.4000000000001904,7.815970093361102e-14,3,0.0,1.4,3.0,3.0,3.0,3.0,0.209314645963048,46.98586230176281,13.772318452353579,0.6441922856032091,0.749727845204476,0.9813519014460632,155,0.0,0.0
14/10/2024,288,25.4,1,10,31,0,0,65.50518891053596,50.13148613816996,11,12.0,1.0,0.1,37.04761904761905,0,52.19999999999997,48.60000000000006,43.80000000000005,40.79999999999996,39.40000000000018,39.40000000000007,3,39.4,0.0,1.4,2.0,3.0,3.0,0.22611568550828803,61.489964785436925,46.98586230176281,0.6319753522751722,0.749727845204476,0.9813519014460632,127,0.0,0.0
15/10/2024,289,4.0,2,10,31,0,1,56.40415112842877,65.50518891053596,13,11.0,5.6,1.0,0.0,0,73.99999999999997,69.20000000000005,66.20000000000005,64.79999999999995,64.80000000000018,25.40000000000007,3,25.4,39.4,0.0,1.0,2.0,3.0,0.24284972209593494,53.969110113959715,61.489964785436925,0.6570454469451417,0.8452086449288466,0.9813519014460632,200,0.0,0.0
16/10/2024,290,1.4,3,10,31,0,2,46.523320902743016,56.40415112842877,13,13.0,7.1,5.6,0.0,10,73.19999999999997,70.20000000000005,68.80000000000004,68.79999999999995,29.40000000000019,4.000000000000071,3,4.0,25.4,39.4,2.0,1.0,2.0,0.25951179706979943,45.455054895004885,53.969110113959715,0.6570454469451417,0.7443983276195576,0.9813519014460632,209,0.0,0.0
17/10/2024,291,0.0,3,10,31,0,3,37.21865672219442,46.523320902743016,16,13.0,11.5,7.1,0.0,7,71.59999999999998,70.20000000000005,70.20000000000005,30.79999999999996,5.400000000000192,1.400000000000071,3,1.4,4.0,25.4,3.0,2.0,1.0,0.276096973097468,37.21545132538835,45.455054895004885,0.699199162069106,0.7302497542313873,0.9813519014460632,184,0.0,0.0
18/10/2024,292,0.0,2,10,31,0,4,29.774925377755537,37.21865672219442,17,16.0,3.8,11.5,0.0,3,70.19999999999997,70.20000000000005,30.80000000000004,5.399999999999965,1.4000000000001918,0.0,3,0.0,1.4,4.0,3.0,3.0,2.0,0.2926003356333479,30.46943448977218,37.21545132538835,0.7143319978944643,0.7289354993001415,0.9813519014460632,171,0.0,0.0
19/10/2024,293,0.0,2,10,31,0,5,23.81994030220443,29.774925377755537,20,17.0,10.1,3.8,0.0,39,70.19999999999997,30.800000000000054,5.400000000000043,1.3999999999999644,0.0,0.0,3,0.0,0.0,1.4,2.0,3.0,3.0,0.30901699437494723,24.946263045671408,30.46943448977218,0.7622519010210416,0.7279401210527305,0.9813519014460632,173,0.0,0.0
20/10/2024,294,0.0,4,10,31,0,6,19.055952241763546,23.81994030220443,20,20.0,11.9,10.1,0.0,2,30.799999999999976,5.400000000000057,1.4000000000000425,0.0,0.0,0.0,3,0.0,0.0,0.0,2.0,2.0,3.0,0.32534208471198034,20.42427272986398,24.946263045671408,0.7622519010210416,0.7279410156983254,0.9813519014460632,200,0.0,0.0
21/10/2024,295,0.0,3,10,31,0,0,15.244761793410838,19.055952241763546,18,20.0,8.6,11.9,0.0,0,5.399999999999979,1.4000000000000568,0.0,0.0,0.0,0.0,3,0.0,0.0,0.0,4.0,2.0,2.0,0.34157076916785517,16.721980193191623,20.42427272986398,0.7299261605458265,0.7279425818008814,0.9813519014460632,184,0.0,0.0
22/10/2024,296,0.0,4,10,31,0,1,12.195809434728671,15.244761793410838,21,18.0,11.6,8.6,0.0,0,1.3999999999999786,0.0,0.0,0.0,0.0,0.0,3,0.0,0.0,0.0,3.0,4.0,2.0,0.35769823883312546,13.690799436526873,16.721980193191623,0.7788431486222019,0.8831821101045145,0.9813519014460632,207,0.0,0.0
23/10/2024,297,0.0,3,10,31,0,2,9.756647547782938,12.195809434728671,16,21.0,1.2,11.6,0.0,1,0.0,0.0,0.0,0.0,0.0,0.0,3,0.0,0.0,0.0,4.0,3.0,4.0,0.3737197147904684,11.209078532907256,13.690799436526873,0.699199162069106,0.9334519735072657,0.9813519014460632,134,0.0,0.0
24/10/2024,298,1.4,5,10,31,0,3,9.20531803822635,9.756647547782938,17,16.0,9.4,1.2,0.0,0,-2.1316282072803006e-14,5.684341886080802e-14,4.263256414560601e-14,-3.552713678800501e-14,1.9184653865522705e-13,7.105427357601002e-14,3,0.0,0.0,0.0,3.0,4.0,3.0,0.38963044953078774,10.446102037011524,11.209078532907256,0.7143319978944643,0.9334519735072657,0.9813519014460632,178,0.0,0.0
25/10/2024,299,3.4,3,10,31,0,4,10.764254430581081,9.20531803822635,17,17.0,0.0,9.4,9.666666666666666,3,1.3999999999999786,1.4000000000000568,1.4000000000000425,1.3999999999999644,1.4000000000001918,1.400000000000071,3,1.4,0.0,0.0,5.0,3.0,4.0,0.4054257283599965,11.634122185166193,10.446102037011524,0.7143319978944643,0.8165237836652541,0.9813519014460632,157,0.0,0.0
26/10/2024,300,14.8,2,10,31,0,5,23.411403544464868,10.764254430581081,18,17.0,0.4,0.0,18.428571428571427,0,4.799999999999979,4.8000000000000576,4.800000000000043,4.799999999999965,4.800000000000193,3.4000000000000696,3,3.4,1.4,0.0,3.0,5.0,3.0,0.42110087079608916,22.93913789029172,11.634122185166193,0.7299261605458265,0.8452086449288466,0.9813519014460632,174,0.0,0.0
27/10/2024,301,8.0,4,10,31,0,6,26.729122835571896,23.411403544464868,16,18.0,7.8,0.4,18.142857142857142,0,19.59999999999998,19.60000000000006,19.600000000000044,19.599999999999966,18.200000000000195,14.800000000000072,3,14.8,3.4,1.4,2.0,3.0,5.0,0.43665123195606304,26.031747516758934,22.93913789029172,0.699199162069106,0.8452086449288466,0.9813519014460632,142,0.0,0.0
28/10/2024,302,4.0,3,10,31,1,0,25.38329826845752,26.729122835571896,15,16.0,5.7,7.8,3.1904761904761907,1,27.59999999999998,27.60000000000006,27.600000000000044,26.199999999999967,22.800000000000193,8.000000000000071,3,8.0,14.8,3.4,4.0,2.0,3.0,0.4520722039323045,24.938377186772286,26.031747516758934,0.6845795512362581,0.9334519735072657,0.9813519014460632,147,0.0,0.0
29/10/2024,303,6.4,3,10,31,0,1,26.706638614766014,25.38329826845752,16,15.0,4.6,5.7,19.80952380952381,9,31.59999999999998,31.60000000000006,30.200000000000045,26.79999999999997,12.00000000000019,4.000000000000071,3,4.0,8.0,14.8,3.0,4.0,2.0,0.46735921715800205,26.218432236173417,24.938377186772286,0.699199162069106,0.7443983276195576,0.9813519014460632,179,0.0,0.0
30/10/2024,304,4.6,2,10,31,0,2,25.965310891812813,26.706638614766014,15,16.0,5.7,4.6,19.285714285714285,0,37.99999999999998,36.60000000000006,33.200000000000045,18.399999999999963,10.400000000000192,6.400000000000071,3,6.4,4.0,8.0,3.0,3.0,4.0,0.4825077417612184,25.635029448452716,26.218432236173417,0.6845795512362581,0.7443983276195576,0.9813519014460632,170,0.0,0.0
31/10/2024,305,2.0,3,10,31,0,3,22.772248713450253,25.965310891812813,18,15.0,11.9,5.7,3.8095238095238093,0,41.19999999999998,37.80000000000006,23.000000000000043,14.999999999999964,11.000000000000192,4.600000000000071,3,4.6,6.4,4.0,2.0,3.0,3.0,0.4975132889071803,22.800879434728113,25.635029448452716,0.7299261605458265,0.749727845204476,0.9813519014460632,202,0.0,0.0
01/11/2024,306,0.0,3,11,30,0,4,18.217798970760203,22.772248713450253,18,18.0,6.2,11.9,0.0,0,39.79999999999998,25.000000000000057,17.000000000000043,12.999999999999964,6.6000000000001915,2.000000000000071,3,2.0,4.6,6.4,3.0,2.0,3.0,0.5123714121284235,18.667781190435218,22.800879434728113,0.7299261605458265,1.0,1.0651928263724313,232,0.0,0.0
02/11/2024,307,0.0,4,11,30,0,5,14.574239176608163,18.217798970760203,18,18.0,0.4,6.2,1.9523809523809523,0,24.99999999999998,17.000000000000057,13.000000000000043,6.599999999999964,2.000000000000192,0.0,3,0.0,2.0,4.6,3.0,3.0,2.0,0.5270777086423716,15.28388655234001,18.667781190435218,0.7299261605458265,1.0,1.0651928263724313,206,0.0,0.0
03/11/2024,308,0.0,4,11,30,0,6,11.65939134128653,14.574239176608163,18,18.0,0.4,0.4,0.23809523809523808,0,16.99999999999998,13.000000000000057,6.600000000000042,1.9999999999999645,0.0,0.0,3,0.0,0.0,2.0,4.0,3.0,3.0,0.5416278206559811,12.513387946955774,15.28388655234001,0.7299261605458265,1.0,1.0651928263724313,191,0.0,0.0
04/11/2024,309,0.0,3,11,30,0,0,9.327513073029225,11.65939134128653,18,18.0,3.2,0.4,0.0,3,12.999999999999979,6.6000000000000565,2.0000000000000426,0.0,0.0,0.0,3,0.0,0.0,0.0,4.0,4.0,3.0,0.5560174366570438,10.245095537368043,12.513387946955774,0.7299261605458265,0.8452086449288466,1.0651928263724313,219,0.0,0.0
05/11/2024,310,6.0,2,11,30,0,1,13.46201045842338,9.327513073029225,18,18.0,3.3,3.2,0.0,3,6.599999999999978,2.000000000000057,4.263256414560601e-14,-3.552713678800501e-14,1.9184653865522705e-13,7.105427357601002e-14,3,0.0,0.0,0.0,3.0,4.0,4.0,0.5702422926917867,13.826052192325754,10.245095537368043,0.7299261605458265,0.7784873794153713,1.0651928263724313,221,0.0,0.0
06/11/2024,311,3.8,2,11,30,0,2,14.569608366738706,13.46201045842338,18,18.0,0.0,3.3,8.380952380952381,0,7.99999999999998,6.000000000000058,6.0000000000000435,5.999999999999965,6.000000000000193,6.000000000000072,3,6.0,0.0,0.0,2.0,3.0,4.0,0.5842981736283683,14.763929815036692,13.826052192325754,0.7299261605458265,0.7784873794153713,1.0651928263724313,184,0.0,0.0
07/11/2024,312,1.4,3,11,30,0,3,13.055686693390966,14.569608366738706,18,18.0,4.9,0.0,0.23809523809523808,6,9.799999999999978,9.800000000000056,9.800000000000042,9.799999999999963,9.80000000000019,3.8000000000000704,3,3.8,6.0,0.0,2.0,2.0,3.0,0.5981809144059166,13.356568104309586,14.763929815036692,0.7299261605458265,0.749727845204476,1.0651928263724313,227,0.0,0.0
08/11/2024,313,1.4,4,11,30,0,4,11.844549354712774,13.055686693390966,17,18.0,2.4,4.9,0.0,8,11.199999999999978,11.200000000000056,11.200000000000042,11.199999999999964,5.200000000000191,1.4,3,1.4,3.8,6.0,3.0,2.0,2.0,0.6118864012687242,12.204317791032867,13.356568104309586,0.7143319978944643,0.7332987866523237,1.0651928263724313,175,0.0,0.0
09/11/2024,314,6.2,4,11,30,0,5,15.675639483770219,11.844549354712774,18,17.0,1.5,2.4,0.0,2,12.59999999999998,12.600000000000058,12.600000000000044,6.599999999999965,2.8000000000001917,1.4000000000000705,3,1.4,1.4,3.8,4.0,3.0,2.0,0.6254105729852464,15.611396950437914,12.204317791032867,0.7299261605458265,0.7309977438487835,1.0651928263724313,180,0.0,0.0
10/11/2024,315,3.8,3,11,30,0,6,16.340511587016177,15.675639483770219,18,18.0,2.8,1.5,31.761904761904763,3,18.79999999999998,18.800000000000058,12.800000000000043,8.999999999999964,7.600000000000191,6.200000000000071,3,6.2,1.4,1.4,4.0,4.0,3.0,0.6387494220515268,16.225646473349688,15.611396950437914,0.7299261605458265,0.7350341003572551,1.0651928263724313,188,0.0,0.0
11/11/2024,316,1.2,4,11,30,0,0,14.272409269612941,16.340511587016177,20,18.0,11.3,2.8,1.5238095238095237,5,22.59999999999998,16.60000000000006,12.800000000000042,11.399999999999965,10.000000000000194,3.8000000000000718,3,3.8,6.2,1.4,3.0,4.0,4.0,0.6518989958787125,14.3720512378348,16.225646473349688,0.7622519010210416,0.7443983276195576,1.0651928263724313,230,0.0,0.0
12/11/2024,317,0.0,5,11,30,0,1,11.417927415690354,14.272409269612941,20,20.0,11.2,11.3,0.0,1,17.79999999999998,14.000000000000055,12.600000000000042,11.199999999999964,5.000000000000192,1.200000000000072,3,1.2,3.8,6.2,4.0,3.0,4.0,0.6648553979642859,11.766840333227826,14.3720512378348,0.7622519010210416,0.749727845204476,1.0651928263724313,193,0.0,0.0
13/11/2024,318,0.0,4,11,30,0,2,9.134341932552283,11.417927415690354,21,20.0,12.1,11.2,0.0,0,13.999999999999977,12.600000000000056,11.200000000000042,4.9999999999999645,1.2000000000001918,0.0,3,0.0,1.2,3.8,5.0,4.0,3.0,0.6776147890466887,9.633874047371988,11.766840333227826,0.7788431486222019,0.7784873794153713,1.0651928263724313,288,0.0,0.0
14/11/2024,319,22.8,3,11,30,0,3,30.107473546041827,9.134341932552283,21,21.0,2.5,12.1,0.0,3,12.599999999999977,11.200000000000056,5.000000000000043,1.1999999999999638,1.9184653865522705e-13,7.105427357601002e-14,3,0.0,0.0,1.2,4.0,5.0,4.0,0.6901733882429714,28.552243102973364,9.633874047371988,0.7788431486222019,0.8165237836652541,1.0651928263724313,204,0.0,0.0
15/11/2024,320,14.8,3,11,30,0,4,38.88597883683346,30.107473546041827,18,21.0,0.7,2.5,46.476190476190474,64,33.999999999999986,27.800000000000058,24.00000000000004,22.799999999999965,22.800000000000193,22.80000000000007,3,22.8,0.0,0.0,3.0,4.0,5.0,0.7025274741691566,36.79052376999234,28.552243102973364,0.7299261605458265,0.7279398311019567,1.0651928263724313,210,0.0,0.0
16/11/2024,321,3.4,3,11,30,0,5,34.508783069466766,38.88597883683346,13,18.0,5.6,0.7,0.8095238095238095,8,42.59999999999998,38.800000000000054,37.60000000000005,37.599999999999966,37.60000000000019,14.80000000000007,3,14.8,22.8,0.0,3.0,3.0,4.0,0.7146733860429609,33.20311043001353,36.79052376999234,0.6570454469451417,0.7279398294287376,1.0651928263724313,191,0.0,0.0
17/11/2024,322,1.6,4,11,30,0,6,29.207026455573416,34.508783069466766,14,13.0,12.3,5.6,0.0,0,42.19999999999998,41.00000000000006,41.00000000000005,40.999999999999964,18.20000000000019,3.400000000000071,3,3.4,14.8,22.8,3.0,3.0,3.0,0.7266075247685657,28.634561582272518,33.20311043001353,0.6705166709209236,0.7279398296906574,1.0651928263724313,258,0.0,0.0
18/11/2024,323,0.0,5,11,30,0,0,23.365621164458734,29.207026455573416,19,14.0,12.7,12.3,0.0,0,42.59999999999998,42.60000000000006,42.60000000000005,19.799999999999965,5.000000000000192,1.6000000000000711,3,1.6,3.4,14.8,4.0,3.0,3.0,0.7383263540031063,23.443996168311827,28.634561582272518,0.7459218123010017,0.7567831434175052,1.0651928263724313,239,0.0,0.0
19/11/2024,324,2.2,4,11,30,0,1,20.89249693156699,23.365621164458734,17,19.0,6.8,12.7,0.0,0,42.59999999999998,42.60000000000006,19.800000000000043,4.9999999999999645,1.600000000000192,7.105427357601002e-14,3,0.0,1.6,3.4,5.0,4.0,3.0,0.7498264012045686,21.18828235418146,23.443996168311827,0.7143319978944643,1.0,1.0651928263724313,250,0.0,0.0
20/11/2024,325,1.8,5,11,30,0,2,18.51399754525359,20.89249693156699,18,17.0,11.7,6.8,1.5238095238095237,0,44.79999999999998,22.000000000000057,7.200000000000043,3.799999999999965,2.200000000000192,2.2000000000000712,3,2.2,0.0,1.6,4.0,5.0,4.0,0.7611042586607742,18.978921590566063,21.18828235418146,0.7299261605458265,1.0,1.0651928263724313,244,0.0,0.0
21/11/2024,326,2.4,5,11,30,0,3,17.211198036202873,18.51399754525359,17,18.0,6.6,11.7,0.0,0,23.799999999999983,9.000000000000057,5.600000000000042,3.999999999999965,4.000000000000192,1.8000000000000713,3,1.8,2.2,0.0,5.0,4.0,5.0,0.7721565844991641,17.71385772951634,18.978921590566063,0.7143319978944643,1.0,1.0651928263724313,215,0.0,0.0
22/11/2024,327,1.8,5,11,30,0,4,15.5689584289623,17.211198036202873,16,17.0,7.5,6.6,0.8095238095238095,0,11.399999999999979,8.000000000000057,6.400000000000044,6.399999999999964,4.200000000000192,2.4000000000000714,3,2.4,1.8,2.2,5.0,5.0,4.0,0.7829801036770625,16.134303301101305,17.71385772951634,0.699199162069106,1.0,1.0651928263724313,192,0.0,0.0
23/11/2024,328,1.6,4,11,30,0,5,14.05516674316984,15.5689584289623,17,16.0,5.8,7.5,0.0,0,9.79999999999998,8.200000000000058,8.200000000000044,5.9999999999999645,4.200000000000193,1.8000000000000713,3,1.8,2.4,1.8,5.0,5.0,5.0,0.7935716089521472,14.659804267475383,16.134303301101305,0.7143319978944643,1.0,1.0651928263724313,198,0.0,0.0
24/11/2024,329,1.4,4,11,30,0,6,12.644133394535872,14.05516674316984,18,17.0,9.9,5.8,0.23809523809523808,0,9.79999999999998,9.800000000000058,7.600000000000042,5.799999999999965,3.4000000000001918,1.6000000000000711,3,1.6,1.8,2.4,4.0,5.0,5.0,0.8039279618328213,13.27131731634006,14.659804267475383,0.7299261605458265,1.0,1.0651928263724313,236,0.0,0.0
25/11/2024,330,0.0,6,11,30,0,0,10.115306715628698,12.644133394535872,19,18.0,11.1,9.9,0.0,0,11.19999999999998,9.000000000000057,7.200000000000043,4.799999999999964,3.000000000000192,1.400000000000071,3,1.4,1.6,1.8,4.0,4.0,5.0,0.8140460935082175,10.865635620743959,13.27131731634006,0.7459218123010017,1.0,1.0651928263724313,237,0.0,0.0
26/11/2024,331,0.0,6,11,30,0,1,8.092245372502958,10.115306715628698,22,19.0,8.0,11.1,0.0,1,8.999999999999979,7.200000000000057,4.8000000000000425,2.9999999999999645,1.4000000000001918,0.0,3,0.0,1.4,1.6,6.0,4.0,4.0,0.8239230057575542,8.896030034442646,10.865635620743959,0.7956172785149291,0.9334519735072657,1.0651928263724313,245,0.0,0.0
27/11/2024,332,0.0,5,11,30,0,2,6.473796298002367,8.092245372502958,21,22.0,5.9,8.0,0.0,4,7.199999999999979,4.800000000000057,3.0000000000000426,1.399999999999964,0.0,0.0,3,0.0,0.0,1.4,6.0,6.0,4.0,0.83355577183857,7.2834533695035715,8.896030034442646,0.7788431486222019,0.794855461801418,1.0651928263724313,227,0.0,0.0
28/11/2024,333,0.0,3,11,30,0,3,5.179037038401894,6.473796298002367,17,21.0,3.3,5.9,0.0,21,4.7999999999999785,3.000000000000057,1.4000000000000425,0.0,0.0,0.0,3,0.0,0.0,0.0,5.0,6.0,6.0,0.8429415373547827,5.963187262222023,7.2834533695035715,0.7143319978944643,0.7281248202294701,1.0651928263724313,203,0.0,0.0
29/11/2024,334,0.0,3,11,30,0,4,4.143229630721516,5.179037038401894,15,17.0,0.4,3.3,0.0,1,2.9999999999999787,1.4000000000000568,0.0,0.0,0.0,0.0,3,0.0,0.0,0.0,3.0,5.0,6.0,0.8520775211013093,4.8822447979440655,5.963187262222023,0.6845795512362581,0.7281248202294701,1.0651928263724313,165,0.0,0.0
30/11/2024,335,0.0,5,11,30,0,5,3.314583704577213,4.143229630721516,18,15.0,12.9,0.4,0.0,5,1.3999999999999786,0.0,0.0,0.0,0.0,0.0,3,0.0,0.0,0.0,3.0,3.0,5.0,0.8609610158889941,3.997243960131804,4.8822447979440655,0.7299261605458265,0.7280795699972209,1.0651928263724313,267,0.0,0.0
01/12/2024,336,0.0,3,12,31,0,6,2.6516669636617705,3.314583704577213,20,18.0,8.0,12.9,0.0,6,0.0,0.0,0.0,0.0,0.0,0.0,4,0.0,0.0,0.0,5.0,3.0,3.0,0.8695893893466109,3.272666557715126,3.997243960131804,0.7622519010210416,0.7373313356109852,1.0517382311634835,229,0.0,0.0
02/12/2024,337,0.0,3,12,31,0,0,2.1213335709294165,2.6516669636617705,21,20.0,9.1,8.0,0.0,3,0.0,0.0,0.0,0.0,0.0,0.0,4,0.0,0.0,0.0,3.0,5.0,3.0,0.8779600847008878,2.6794327553712316,3.272666557715126,0.7788431486222019,0.7332987866523237,1.0517382311634835,196,0.0,0.0
03/12/2024,338,0.0,4,12,31,0,1,1.6970668567435334,2.1213335709294165,19,21.0,3.1,9.1,0.0,0,0.0,0.0,0.0,0.0,0.0,0.0,4,0.0,0.0,0.0,3.0,3.0,5.0,0.8860706215341378,2.1937339976269,2.6794327553712316,0.7459218123010017,0.749727845204476,1.0517382311634835,209,0.0,0.0
04/12/2024,339,0.0,5,12,31,0,2,1.3576534853948268,1.6970668567435334,21,19.0,3.2,3.1,0.6190476190476191,0,0.0,0.0,0.0,0.0,0.0,0.0,4,0.0,0.0,0.0,4.0,3.0,3.0,0.893918596519257,1.7960774879298436,2.1937339976269,0.7788431486222019,0.8452086449288466,1.0517382311634835,270,0.0,0.0
05/12/2024,340,0.0,4,12,31,0,3,1.0861227883158615,1.3576534853948268,21,21.0,8.2,3.2,1.1428571428571428,0,0.0,0.0,0.0,0.0,0.0,0.0,4,0.0,0.0,0.0,5.0,4.0,3.0,0.9015016841318838,1.4705038742792107,1.7960774879298436,0.7788431486222019,1.0,1.0517382311634835,226,0.0,0.0
06/12/2024,341,0.0,4,12,31,0,4,0.8688982306526892,1.0861227883158615,18,21.0,10.7,8.2,0.23809523809523808,0,0.0,0.0,0.0,0.0,0.0,0.0,4,0.0,0.0,0.0,4.0,5.0,4.0,0.9088176373395028,1.203946744392708,1.4705038742792107,0.7299261605458265,1.0,1.0517382311634835,249,0.0,0.0
07/12/2024,342,0.0,5,12,31,0,5,0.6951185845221515,0.8688982306526892,20,18.0,11.8,10.7,0.0,0,0.0,0.0,0.0,0.0,0.0,0.0,4,0.0,0.0,0.0,4.0,4.0,5.0,0.9158642882672873,0.9857082247024264,1.203946744392708,0.7622519010210416,1.0,1.0517382311634835,285,0.0,0.0
08/12/2024,343,6.4,5,12,31,0,6,6.956094867617722,0.6951185845221515,18,20.0,1.1,11.8,0.0,8,-2.1316282072803006e-14,5.684341886080802e-14,4.263256414560601e-14,-3.552713678800501e-14,1.9184653865522705e-13,7.105427357601002e-14,4,0.0,0.0,0.0,5.0,4.0,4.0,0.9226395488404875,6.60764553863036,0.9857082247024264,0.7299261605458265,0.7567831434175052,1.0517382311634835,217,0.0,0.0
09/12/2024,344,3.8,6,12,31,0,0,9.364875894094178,6.956094867617722,20,18.0,11.9,1.1,31.476190476190474,0,6.399999999999978,6.400000000000056,6.400000000000042,6.399999999999964,6.400000000000191,6.4000000000000705,4,6.4,0.0,0.0,5.0,5.0,4.0,0.9291414114031743,8.853998299433545,6.60764553863036,0.7622519010210416,0.7567831434175052,1.0517382311634835,199,0.0,0.0
10/12/2024,345,0.0,6,12,31,0,1,7.491900715275342,9.364875894094178,21,20.0,13.2,11.9,0.0,0,10.199999999999978,10.200000000000056,10.200000000000042,10.199999999999964,10.200000000000191,3.800000000000071,4,3.8,6.4,0.0,6.0,5.0,5.0,0.935367949313148,7.249040695446397,8.853998299433545,0.7788431486222019,0.7567831434175052,1.0517382311634835,282,0.0,0.0
11/12/2024,346,0.0,6,12,31,0,2,5.993520572220274,7.491900715275342,19,21.0,10.4,13.2,0.0,1,10.199999999999978,10.200000000000056,10.200000000000042,10.199999999999964,3.8000000000001917,0.0,4,0.0,3.8,6.4,6.0,6.0,5.0,0.941317317512847,5.935012547675766,7.249040695446397,0.7459218123010017,0.9334519735072657,1.0517382311634835,286,0.0,0.0
12/12/2024,347,1.4,4,12,31,0,3,6.19481645777622,5.993520572220274,19,19.0,2.2,10.4,0.0,8,10.199999999999978,10.200000000000056,10.200000000000042,3.799999999999964,1.9184653865522705e-13,7.105427357601002e-14,4,0.0,0.0,3.8,6.0,6.0,6.0,0.9469877530760751,6.1280620211399786,5.935012547675766,0.7459218123010017,0.749727845204476,1.0517382311634835,228,0.0,0.0
13/12/2024,348,1.2,4,12,31,0,4,6.155853166220976,6.19481645777622,22,19.0,12.4,2.2,0.14285714285714285,0,11.59999999999998,11.600000000000058,5.200000000000042,1.3999999999999642,1.4000000000001915,1.4000000000000707,4,1.4,0.0,0.0,4.0,6.0,6.0,0.9523775757303973,6.104848315008623,6.1280620211399786,0.7956172785149291,0.749727845204476,1.0517382311634835,212,0.0,0.0
14/12/2024,349,0.0,4,12,31,0,5,4.924682532976782,6.155853166220976,21,22.0,6.8,12.4,0.0,0,12.79999999999998,6.400000000000056,2.6000000000000423,2.599999999999964,2.6000000000001915,1.200000000000071,4,1.2,1.4,0.0,4.0,4.0,6.0,0.9574851883550393,4.998227058373859,6.104848315008623,0.7788431486222019,0.7567831434175052,1.0517382311634835,205,0.0,0.0
15/12/2024,350,0.0,5,12,31,0,6,3.9397460263814255,4.924682532976782,21,21.0,8.6,6.8,0.0,0,6.399999999999978,2.6000000000000565,2.6000000000000423,2.599999999999964,1.2000000000001918,0.0,4,0.0,1.2,1.4,4.0,4.0,4.0,0.9623090774541485,4.092202203557175,4.998227058373859,0.7788431486222019,1.0,1.0517382311634835,197,0.0,0.0
16/12/2024,351,8.8,3,12,31,0,0,11.951796821105141,3.9397460263814255,19,21.0,2.3,8.6,0.0,2,2.5999999999999783,2.6000000000000565,2.6000000000000423,1.1999999999999638,1.9184653865522705e-13,7.105427357601002e-14,4,0.0,0.0,1.2,5.0,4.0,4.0,0.9668478136052775,11.326258656434543,4.092202203557175,0.7459218123010017,0.8831821101045145,1.0517382311634835,205,0.0,0.0
17/12/2024,352,5.4,3,12,31,0,1,14.961437456884113,11.951796821105141,14,19.0,6.4,2.3,22.047619047619047,36,11.399999999999979,11.400000000000057,10.000000000000043,8.799999999999965,8.800000000000193,8.800000000000072,4,8.8,0.0,0.0,3.0,5.0,4.0,0.9711000518829505,14.167425946233156,11.326258656434543,0.6705166709209236,0.7279462151123147,1.0517382311634835,189,0.0,0.0
18/12/2024,353,3.4,5,12,31,0,2,15.369149965507292,14.961437456884113,17,14.0,8.7,6.4,0.0,5,16.79999999999998,15.400000000000057,14.200000000000044,14.199999999999966,14.200000000000193,5.400000000000071,4,5.4,8.8,0.0,3.0,3.0,5.0,0.9750645322571947,14.68088451181032,14.167425946233156,0.7143319978944643,0.7279413998951099,1.0517382311634835,187,0.0,0.0
19/12/2024,354,16.4,2,12,31,0,3,28.695319972405834,15.369149965507292,14,17.0,0.0,8.7,0.0,1,18.799999999999976,17.60000000000006,17.600000000000044,17.599999999999966,8.800000000000193,3.4000000000000696,4,3.4,5.4,8.8,5.0,3.0,3.0,0.9787400799669153,26.88376987981083,14.68088451181032,0.6705166709209236,0.7279419085007843,1.0517382311634835,156,0.0,0.0
20/12/2024,355,8.6,0,12,31,0,4,31.55625597792467,28.695319972405834,18,14.0,0.0,0.0,9.666666666666666,0,33.99999999999997,34.00000000000006,34.00000000000004,25.19999999999996,19.80000000000019,16.40000000000007,4,16.4,3.4,5.4,2.0,5.0,3.0,0.9821256058680005,29.805146776919468,26.88376987981083,0.7299261605458265,0.7784873794153713,1.0517382311634835,129,0.0,0.0
21/12/2024,356,7.8,3,12,31,0,5,33.04500478233974,31.55625597792467,24,18.0,6.6,0.0,0.14285714285714285,0,42.59999999999998,42.60000000000006,33.80000000000004,28.399999999999967,25.00000000000019,8.600000000000069,4,8.6,16.4,3.4,0.0,2.0,5.0,0.9852201067560606,31.471890896225766,29.805146776919468,0.8293847937174451,0.9334519735072657,1.0517382311634835,225,0.0,0.0
22/12/2024,357,4.6,5,12,31,0,6,31.036003825871795,33.04500478233974,20,24.0,3.4,6.6,19.047619047619047,2,50.39999999999997,41.60000000000005,36.20000000000004,32.79999999999996,16.40000000000019,7.80000000000007,4,7.8,8.6,16.4,3.0,0.0,2.0,0.9880226656636976,29.93619761346142,31.471890896225766,0.7622519010210416,0.8831821101045145,1.0517382311634835,215,0.0,0.0
23/12/2024,358,1.2,5,12,31,0,0,26.028803060697438,31.036003825871795,21,20.0,4.6,3.4,1.1428571428571428,0,46.199999999999974,40.80000000000005,37.400000000000034,20.999999999999964,12.400000000000192,4.600000000000071,4,4.6,7.8,8.6,5.0,3.0,0.0,0.9905324521322227,25.597301097892657,29.93619761346142,0.7788431486222019,0.8831821101045145,1.0517382311634835,232,0.0,0.0
24/12/2024,359,0.0,5,12,31,0,1,20.823042448557953,26.028803060697438,22,21.0,9.3,4.6,0.0,2,41.99999999999997,38.60000000000005,22.200000000000042,13.599999999999964,5.800000000000192,1.200000000000071,4,1.2,4.6,7.8,5.0,5.0,3.0,0.9927487224577402,20.957297604641507,25.597301097892657,0.7956172785149291,0.8165237836652541,1.0517382311634835,218,0.0,0.0
25/12/2024,360,3.6,4,12,31,1,2,20.258433958846364,20.823042448557953,22,22.0,7.3,9.3,0.0,0,38.59999999999997,22.200000000000053,13.600000000000042,5.799999999999963,1.2000000000001916,7.105427357601002e-14,4,0.0,1.2,4.6,5.0,5.0,5.0,0.9946708199115211,20.421230494923854,20.957297604641507,0.7956172785149291,0.8831821101045145,1.0517382311634835,198,0.0,0.0
26/12/2024,361,5.4,3,12,31,1,3,21.606747167077096,20.258433958846364,18,22.0,0.0,7.3,11.047619047619047,1,25.799999999999976,17.200000000000053,9.400000000000041,4.799999999999963,3.6000000000001915,3.6000000000000707,4,3.6,0.0,1.2,4.0,5.0,5.0,0.9962981749346077,21.613759088782547,20.421230494923854,0.7299261605458265,0.8452086449288466,1.0517382311634835,147,0.0,0.0
27/12/2024,362,2.8,4,12,31,0,4,20.08539773366168,21.606747167077096,16,18.0,6.2,0.0,17.904761904761905,0,22.59999999999998,14.800000000000058,10.200000000000042,8.999999999999964,9.000000000000192,5.4000000000000705,4,5.4,3.6,0.0,3.0,4.0,5.0,0.9976303053065857,20.233618712513262,21.613759088782547,0.699199162069106,0.9334519735072657,1.0517382311634835,133,0.0,0.0
28/12/2024,363,0.0,6,12,31,0,5,16.068318186929343,20.08539773366168,20,16.0,10.9,6.2,0.0,0,17.59999999999998,13.000000000000057,11.800000000000043,11.799999999999965,8.200000000000191,2.800000000000071,4,2.8,5.4,3.6,4.0,3.0,4.0,0.9986668162884759,16.565885885988727,20.233618712513262,0.7622519010210416,0.9334519735072657,1.0517382311634835,170,0.0,0.0
29/12/2024,364,0.0,5,12,31,0,6,12.854654549543476,16.068318186929343,22,20.0,8.6,10.9,0.0,0,12.999999999999979,11.800000000000058,11.800000000000043,8.199999999999964,2.8000000000001917,0.0,4,0.0,2.8,5.4,6.0,4.0,3.0,0.9994074007397048,13.563000226839462,16.565885885988727,0.7956172785149291,1.0,1.0517382311634835,174,0.0,0.0
30/12/2024,365,5.6,4,12,31,0,0,15.88372363963478,12.854654549543476,20,22.0,0.8,8.6,0.0,0,11.799999999999978,11.800000000000056,8.200000000000044,2.7999999999999634,1.9184653865522705e-13,7.105427357601002e-14,4,0.0,0.0,2.8,5.0,6.0,4.0,0.9998518392091162,16.17998430353362,13.563000226839462,0.7622519010210416,1.0,1.0517382311634835,143,0.0,0.0
31/12/2024,366,16.0,2,12,31,0,1,28.706978911707825,15.88372363963478,15,20.0,0.4,0.8,15.333333333333334,0,17.399999999999977,13.800000000000054,8.400000000000041,5.599999999999962,5.600000000000193,5.6000000000000725,4,5.6,0.0,0.0,4.0,5.0,6.0,1.0,27.74859048738346,16.17998430353362,0.6845795512362581,1.0,1.0517382311634835,130,0.0,0.0
01/01/2025,1,19.0,2,1,31,1,2,41.965583129366266,28.706978911707825,15,15.0,1.2,0.4,1.2857142857142858,0,29.799999999999976,24.400000000000055,21.600000000000037,21.599999999999966,21.600000000000193,16.00000000000007,4,16.0,5.6,0.0,2.0,4.0,5.0,0.9998518392091162,39.939202844179704,27.74859048738346,0.6845795512362581,1.0,1.1314196997147368,139,0.0,0.0
02/01/2025,2,7.0,3,1,31,1,3,40.57246650349301,41.965583129366266,19,15.0,5.7,1.2,1.9523809523809523,0,43.39999999999998,40.60000000000005,40.60000000000004,40.599999999999966,35.00000000000019,19.00000000000007,4,19.0,16.0,5.6,2.0,2.0,4.0,0.9994074007397048,39.04387726422016,39.939202844179704,0.7459218123010017,1.0,1.1314196997147368,185,0.0,0.0
03/01/2025,3,8.8,5,1,31,0,4,41.25797320279442,40.57246650349301,20,19.0,5.2,5.7,0.14285714285714285,0,47.59999999999998,47.60000000000005,47.60000000000004,41.99999999999996,26.000000000000195,7.000000000000071,4,7.0,19.0,16.0,3.0,2.0,2.0,0.998666816288476,39.94226990018806,39.04387726422016,0.7622519010210416,1.0,1.1314196997147368,234,0.0,0.0
04/01/2025,4,5.2,5,1,31,0,5,38.206378562235535,41.25797320279442,16,20.0,6.1,5.2,21.238095238095237,0,56.39999999999998,56.40000000000005,50.80000000000004,34.79999999999996,15.800000000000193,8.800000000000072,4,8.8,7.0,19.0,5.0,3.0,2.0,0.9976303053065857,37.41496513499745,39.94226990018806,0.699199162069106,1.0,1.1314196997147368,180,0.0,0.0
05/01/2025,5,1.8,4,1,31,0,6,32.36510284978843,38.206378562235535,15,16.0,6.9,6.1,1.5238095238095237,0,61.59999999999999,56.000000000000064,40.00000000000004,20.99999999999996,14.000000000000192,5.200000000000071,4,5.2,8.8,7.0,5.0,5.0,3.0,0.9962981749346078,32.264205803661056,37.41496513499745,0.6845795512362581,1.0,1.1314196997147368,157,0.0,0.0
06/01/2025,6,1.6,2,1,31,0,0,27.492082279830747,32.36510284978843,16,15.0,1.5,6.9,8.666666666666666,0,57.799999999999976,41.80000000000005,22.800000000000043,15.799999999999963,7.000000000000192,1.8000000000000713,4,1.8,5.2,8.8,4.0,5.0,5.0,0.9946708199115211,27.865851490470554,32.264205803661056,0.699199162069106,1.0,1.1314196997147368,149,0.0,0.0
07/01/2025,7,1.6,4,1,31,0,1,23.5936658238646,27.492082279830747,20,16.0,11.6,1.5,3.3333333333333335,0,43.39999999999998,24.400000000000052,17.40000000000004,8.599999999999962,3.4000000000001918,1.6,4,1.6,1.8,5.2,2.0,4.0,5.0,0.9927487224577402,24.264783551328307,27.865851490470554,0.7622519010210416,1.0,1.1314196997147368,206,0.0,0.0
08/01/2025,8,2.8,2,1,31,0,2,21.67493265909168,23.5936658238646,15,20.0,0.2,11.6,0.23809523809523808,0,25.99999999999998,19.000000000000053,10.200000000000042,4.999999999999961,3.200000000000192,1.6000000000000716,4,1.6,1.6,1.8,4.0,2.0,4.0,0.9905324521322229,22.404093967161504,24.264783551328307,0.6845795512362581,1.0,1.1314196997147368,150,0.0,0.0
09/01/2025,9,2.0,4,1,31,0,3,19.339946127273347,21.67493265909168,19,15.0,12.4,0.2,1.0476190476190477,0,21.79999999999998,13.000000000000053,7.800000000000043,5.999999999999961,4.400000000000191,2.800000000000071,4,2.8,1.6,1.6,2.0,4.0,2.0,0.9880226656636976,20.155613194984188,22.404093967161504,0.7459218123010017,1.0,1.1314196997147368,216,0.0,0.0
10/01/2025,10,0.0,5,1,31,0,4,15.471956901818679,19.339946127273347,18,19.0,12.7,12.4,0.0,9,14.999999999999979,9.800000000000054,8.000000000000043,6.39999999999996,4.800000000000192,2.000000000000071,4,2.0,2.8,1.6,4.0,2.0,4.0,0.9852201067560606,16.50202036987791,20.155613194984188,0.7299261605458265,0.749727845204476,1.1314196997147368,221,0.0,0.0
11/01/2025,11,1.8,5,1,31,0,5,14.177565521454945,15.471956901818679,17,18.0,10.2,12.7,0.0,0,9.79999999999998,8.000000000000053,6.400000000000042,4.799999999999961,2.000000000000192,7.105427357601002e-14,4,0.0,2.0,2.8,5.0,4.0,2.0,0.9821256058680006,15.142134787036502,16.50202036987791,0.7143319978944643,0.749727845204476,1.1314196997147368,209,0.0,0.0
12/01/2025,12,2.4,4,1,31,0,6,13.742052417163956,14.177565521454945,15,17.0,6.9,10.2,0.0,0,9.799999999999978,8.200000000000054,6.600000000000042,3.799999999999961,1.8000000000001921,1.8000000000000713,4,1.8,0.0,2.0,5.0,5.0,4.0,0.9787400799669153,14.57256238046292,15.142134787036502,0.6845795512362581,0.749727845204476,1.1314196997147368,191,0.0,0.0
13/01/2025,13,1.6,4,1,31,0,0,12.593641933731165,13.742052417163956,16,15.0,5.7,6.9,0.0,0,10.59999999999998,9.000000000000053,6.200000000000044,4.199999999999962,4.200000000000193,2.400000000000071,4,2.4,1.8,0.0,4.0,5.0,5.0,0.9750645322571948,13.38115894740842,14.57256238046292,0.699199162069106,1.0,1.1314196997147368,186,0.0,0.0
14/01/2025,14,1.8,5,1,31,0,1,11.874913546984933,12.593641933731165,17,16.0,10.7,5.7,0.0,0,10.599999999999977,7.800000000000053,5.800000000000043,5.799999999999962,4.000000000000193,1.6000000000000705,4,1.6,2.4,1.8,4.0,4.0,5.0,0.9711000518829505,12.586989564366034,13.38115894740842,0.7143319978944643,1.0,1.1314196997147368,227,0.0,0.0
15/01/2025,15,1.6,5,1,31,0,2,11.099930837587946,11.874913546984933,17,17.0,8.8,10.7,0.47619047619047616,0,9.59999999999998,7.600000000000055,7.600000000000044,5.799999999999962,3.4000000000001918,1.8000000000000704,4,1.8,1.6,2.4,5.0,4.0,4.0,0.9668478136052775,11.755509420394247,12.586989564366034,0.7143319978944643,1.0,1.1314196997147368,232,0.0,0.0
16/01/2025,16,0.0,5,1,31,0,3,8.879944670070357,11.099930837587946,18,17.0,6.6,8.8,0.0,0,9.19999999999998,9.200000000000054,7.400000000000043,4.999999999999961,3.400000000000192,1.6000000000000707,4,1.6,1.8,1.6,5.0,5.0,4.0,0.9623090774541486,9.624597080574691,11.755509420394247,0.7299261605458265,1.0,1.1314196997147368,204,0.0,0.0
17/01/2025,17,0.0,5,1,31,0,4,7.103955736056285,8.879944670070357,20,18.0,12.9,6.6,0.0,1,9.19999999999998,7.400000000000054,5.000000000000043,3.3999999999999613,1.600000000000192,0.0,4,0.0,1.6,1.8,5.0,5.0,5.0,0.9574851883550393,7.879953615851062,9.624597080574691,0.7622519010210416,0.9334519735072657,1.1314196997147368,287,0.0,0.0
18/01/2025,18,0.0,5,1,31,0,5,5.683164588845028,7.103955736056285,20,20.0,12.9,12.9,0.0,13,7.399999999999979,5.000000000000053,3.400000000000043,1.599999999999961,0.0,0.0,4,0.0,0.0,1.6,5.0,5.0,5.0,0.9523775757303975,6.451560358125306,7.879953615851062,0.7622519010210416,0.7332987866523237,1.1314196997147368,237,0.0,0.0
19/01/2025,19,0.0,4,1,31,0,6,4.546531671076023,5.683164588845028,19,20.0,8.8,12.9,0.0,1,4.999999999999979,3.4000000000000536,1.6000000000000427,0.0,0.0,0.0,4,0.0,0.0,0.0,5.0,5.0,5.0,0.9469877530760753,5.282090870535986,6.451560358125306,0.7459218123010017,0.7319879441299334,1.1314196997147368,227,0.0,0.0
20/01/2025,20,0.0,5,1,31,1,0,3.6372253368608187,4.546531671076023,19,19.0,10.1,8.8,0.0,4,3.399999999999979,1.6000000000000534,0.0,0.0,0.0,0.0,4,0.0,0.0,0.0,4.0,5.0,5.0,0.9413173175128471,4.32461023626026,5.282090870535986,0.7459218123010017,0.72968472867203,1.1314196997147368,219,0.0,0.0
21/01/2025,21,0.0,6,1,31,0,1,2.909780269488655,3.6372253368608187,25,19.0,12.8,10.1,0.0,24,1.5999999999999788,0.0,0.0,0.0,0.0,0.0,4,0.0,0.0,0.0,5.0,4.0,5.0,0.9353679493131483,3.5406913955021118,4.32461023626026,0.8462101439719274,0.7280195677503766,1.1314196997147368,282,0.0,0.0
22/01/2025,22,0.0,5,1,31,0,2,2.327824215590924,2.909780269488655,25,25.0,11.8,12.8,0.0,1,0.0,0.0,0.0,0.0,0.0,0.0,4,0.0,0.0,0.0,6.0,5.0,4.0,0.9291414114031743,2.8988729326561744,3.5406913955021118,0.8462101439719274,0.7280195677503766,1.1314196997147368,279,0.0,0.0
23/01/2025,23,2.0,6,1,31,0,3,3.862259372472739,2.327824215590924,22,25.0,11.9,11.8,0.0,11,-2.1316282072803006e-14,5.3290705182007514e-14,4.263256414560601e-14,-3.907985046680551e-14,1.9184653865522705e-13,7.061018436615996e-14,4,0.0,0.0,0.0,5.0,6.0,5.0,0.9226395488404876,4.186088888451149,2.8988729326561744,0.7956172785149291,0.7279510204092791,1.1314196997147368,242,0.0,0.0
24/01/2025,24,1.6,4,1,31,0,4,4.689807497978192,3.862259372472739,19,22.0,3.0,11.9,0.0,0,1.9999999999999787,2.0000000000000533,2.0000000000000426,1.999999999999961,2.000000000000192,2.0000000000000706,4,2.0,0.0,0.0,6.0,5.0,6.0,0.9158642882672872,4.8774336834691265,4.186088888451149,0.7459218123010017,0.7373313356109852,1.1314196997147368,230,0.0,0.0
25/01/2025,25,1.2,2,1,31,0,5,4.951845998382554,4.689807497978192,15,19.0,5.9,3.0,0.0,0,3.5999999999999783,3.600000000000053,3.6000000000000423,3.5999999999999606,3.6000000000001915,1.600000000000071,4,1.6,2.0,0.0,4.0,6.0,5.0,0.9088176373395029,5.080920434286702,4.8774336834691265,0.6845795512362581,0.7403724513446892,1.1314196997147368,183,0.0,0.0
